,Sequence Index,Substring
0,0,MAA
1,0,VAS
2,0,SSE
3,0,AEG
4,0,LVT
5,0,GEMG
6,0,KALP
7,0,VYK
8,0,YIC
9,0,FAC
10,0,AAY
11,0,KNKL
12,0,AHL
13,0,KHT
14,0,EKP
15,0,PCK
16,0,EGC
17,0,KGF
18,0,SLH
19,0,LTR
20,0,SLT
21,0,TGE
22,0,NFT
23,0,DSD
24,0,CDL
25,0,FTT
26,0,ANM
27,0,KHFN
28,0,FHN
29,0,KIC
30,0,YVC
31,0,FEN
32,0,GKA
33,0,KKH
34,0,QLK
35,0,HQF
36,0,HTQ
37,0,LPY
38,0,CPH
39,0,GCD
40,0,RFS
41,0,PSR
42,0,KRH
43,0,KVH
44,0,GYP
45,0,KKD
46,0,SCS
47,0,VGK
48,0,WTL
49,0,LKH
50,0,AEC
51,0,QDL
52,0,VCDV
53,0,NRK
54,0,RHK
55,0,YLR
56,0,HQK
57,0,HEK
58,0,RTV
59,0,LCP
60,0,DGC
61,0,RSY
62,0,TAF
63,0,LRS
64,0,IQS
65,0,HEE
66,0,RPF
67,0,CEH
68,0,GCG
69,0,CFA
70,0,KKS
71,0,ERH
72,0,VVH
73,0,PEK
74,0,KLK
75,0,KCP
76,0,PKR
77,0,LAS
78,0,LTG
79,0,IPP
80,0,SKE
81,0,NAS
82,0,SGT
83,0,KTD
84,0,LVK
85,0,KPSG
86,0,ETN
87,0,SLV
88,0,DKL
89,0,IQ
90,1,MAE
91,1,GAA
92,1,GTR
93,1,EQG
94,1,LPE
95,1,EEE
96,1,EED
97,1,QVL
98,1,GSG
99,1,CKW
100,1,NVR
101,1,GFG
102,1,ISM
103,1,SRE
104,1,SPL
105,1,NPV
106,1,VFV
107,1,QSK
108,1,YME
109,1,FRS
110,1,KEG
111,1,PVE
112,1,TFK
113,1,SSK
114,1,FES
115,1,RVT
116,1,PGG
117,1,PCL
118,1,NER
119,1,PKG
120,1,TVQ
121,1,RKP
122,1,GDR
123,1,YNC
124,1,GLD
125,1,HAK
126,1,CNL
127,1,PQP
128,1,KCH
129,1,CQS
130,1,MHM
131,1,ANC
132,1,HKI
133,1,PQH
134,1,TTSQ
135,1,RYE
136,1,EPQ
137,1,STS
138,1,FQR
139,1,GGV
140,1,FGY
141,1,SPS
142,1,SQE
143,1,RSE
144,1,SER
145,1,SRS
146,1,QEA
147,1,LSK
148,1,STS
149,1,EEQ
150,1,RKG
151,1,SVQ
152,1,RKK
153,2,MED
154,2,MPK
155,2,LYV
156,2,NLS
157,2,DVT
158,2,ALI
159,2,QLF
160,2,QIG
161,2,CKN
162,2,KMI
163,2,DTA
164,2,NDP
165,2,CFV
166,2,FHE
167,2,RHA
168,2,AAL
169,2,AMNG
170,2,KIM
171,2,KEV
172,2,VNW
173,2,TTP
174,2,SQKK
175,2,TSS
176,2,TVV
177,2,TQR
178,2,QDH
179,2,HVF
180,2,GDL
181,2,PEI
182,2,TED
183,2,KAA
184,2,APF
185,2,RIS
186,2,ARV
187,2,KDMA
188,2,GKS
189,2,GYG
190,2,VSF
191,2,NKW
192,2,AEN
193,2,IQQ
194,2,GGQ
195,2,LGG
196,2,QIR
197,2,NWA
198,2,RKP
199,2,APK
200,2,TYE
201,2,NTK
202,2,LSY
203,2,EVV
204,2,QSS
205,2,SNC
206,2,VYC
207,2,GVT
208,2,GLT
209,2,QLM
210,2,QTF
211,2,PFG
212,2,IME
213,2,RVF
214,2,DKG
215,2,SFV
216,2,FNS
217,2,ESA
218,2,HAI
219,2,SVN
220,2,TTI
221,2,GHV
222,2,KCY
223,2,GKE
224,2,LDM
225,2,NPV
226,2,QQN
227,2,IGY
228,2,QPY
229,2,QWG
230,2,WYG
231,2,AQQ
232,2,GQY
233,2,PNGW
234,2,VPA
235,2,GMY
236,2,QAW
237,2,QQG
238,2,NQT
239,2,SSA
240,2,WMG
241,2,NYG
242,2,QPP
243,2,GQN
244,2,SML
245,2,NQP
246,2,GYR
247,2,AGY
248,2,TQ
249,3,MGQTV
250,3,TPL
251,3,LTL
252,3,HWDV
253,3,RIA
254,3,NQS
255,3,DVK
256,3,RRW
257,3,TFC
258,3,AEW
259,3,TFN
260,3,GWP
261,3,DGT
262,3,NRD
263,3,ITQ
264,3,KIK
265,3,FSP
266,3,PHG
267,3,PDQ
268,3,PYI
269,3,TWE
270,3,LAF
271,3,PPP
272,3,VKP
273,3,VHPK
274,3,PPPLP
275,3,SAP
276,3,LPL
277,3,PPRS
278,3,PPRS
279,3,LYP
280,3,LTP
281,3,LGA
282,3,PKP
283,3,VLS
284,3,SGG
285,3,LID
286,3,LTE
287,3,PPP
288,3,RDP
289,3,PPP
290,3,DRD
291,3,NGGE
292,3,TPAG
293,3,APDP
294,3,PMA
295,3,RLR
296,3,RRE
297,3,PVA
298,3,STT
299,3,QAF
300,3,LRAG
301,3,NGQ
302,3,QYW
303,3,FSS
304,3,DLY
305,3,WKN
306,3,NPS
307,3,SEDPG
308,3,LTA
309,3,IES
310,3,LIT
311,3,QPT
312,3,DDC
313,3,QLL
314,3,TLL
315,3,GEE
316,3,QRV
317,3,LEA
318,3,KAV
319,3,GDD
320,3,RPT
321,3,LPN
322,3,VDA
323,3,FPL
324,3,RPD
325,3,DYT
326,3,QAG
327,3,NHL
328,3,HYQ
329,3,LLAG
330,3,QNA
331,3,RSP
332,3,NLA
333,3,VKG
334,3,TQG
335,3,NES
336,3,SAF
337,3,ERL
338,3,EAY
339,3,RYT
340,3,YDP
341,3,DPG
342,3,ETN
343,3,SMS
344,3,IWQ
345,3,APD
346,3,GRK
347,3,ERL
348,3,DLK
349,3,KTL
350,3,DLV
351,3,EAE
352,3,IFN
353,3,RET
354,3,EER
355,3,ERI
356,3,RET
357,3,EKEE
358,3,RRT
359,3,DEQ
360,3,EKE
361,3,DRR
362,3,HEM
363,3,KLL
364,3,TVV
365,3,GQK
366,3,DRQ
367,3,GER
368,3,RSQ
369,3,DRD
370,3,CAY
371,3,KEKG
372,3,WAK
373,3,CPK
374,3,PRG
375,3,RGP
376,3,PQT
377,3,LLT
378,3,DDG
379,3,GQG
380,3,EPP
381,3,EPR
382,3,TLK
383,3,GGQ
384,3,VTF
385,3,VDT
386,3,AQH
387,3,VLT
388,3,NPG
389,3,LSD
390,3,SAW
391,3,QGA
392,3,GGK
393,3,YRW
394,3,TDR
395,3,VHL
396,3,TGK
397,3,THS
398,3,LHV
399,3,DCP
400,3,PLL
401,3,RDL
402,3,TKLK
403,3,QIH
404,3,EGS
405,3,AQV
406,3,GPM
407,3,QPL
408,3,VLT
409,3,NIE
410,3,EHL
411,3,ETS
412,3,EPDV
413,3,LGS
414,3,WLS
415,3,FPQ
416,3,WAE
417,3,GGM
418,3,LAV
419,3,QAP
420,3,IIPL
421,3,ATS
422,3,PVS
423,3,KQY
424,3,MSQ
425,3,ARL
426,3,IKP
427,3,IQR
428,3,LDQ
429,3,ILV
430,3,CQS
431,3,WNT
432,3,LLP
433,3,KKP
434,3,TND
435,3,RPV
436,3,DLRE
437,3,NKR
438,3,EDI
439,3,PTV
440,3,NPY
441,3,LLS
442,3,LPP
443,3,HWY
444,3,VLD
445,3,KDAF
446,3,CLR
447,3,HPT
448,3,QPL
449,3,AFE
450,3,RDP
451,3,MGI
452,3,GQL
453,3,WTR
454,3,PQG
455,3,KNS
456,3,TLF
457,3,EAL
458,3,RDL
459,3,DFR
460,3,QHP
461,3,LIL
462,3,QYV
463,3,DLL
464,3,AAT
465,3,ELD
466,3,QQG
467,3,RAL
468,3,QTL
469,3,NLG
470,3,RAS
471,3,KKA
472,3,ICQ
473,3,QVK
474,3,LGY
475,3,LKE
476,3,QRW
477,3,TEA
478,3,KET
479,3,MGQ
480,3,TPK
481,3,PRQ
482,3,REF
483,3,GTAG
484,3,CRL
485,3,IPG
486,3,AEM
487,3,APL
488,3,PLT
489,3,TGT
490,3,FNW
491,3,PDQ
492,3,KAY
493,3,EIK
494,3,ALL
495,3,APA
496,3,GLP
497,3,LTK
498,3,FEL
499,3,VDE
500,3,QGY
501,3,KGV
502,3,TQK
503,3,GPW
504,3,RPVA
505,3,LSK
506,3,LDP
507,3,AAG
508,3,PPC
509,3,RMV
510,3,AIA
511,3,LTK
512,3,AGK
513,3,TMG
514,3,PLV
515,3,LAP
516,3,AVE
517,3,LVK
518,3,PPD
519,3,WLS
520,3,ARM
521,3,HYA
522,3,LLD
523,3,DRV
524,3,FGP
525,3,VAL
526,3,PAT
527,3,LPLP
528,3,EGL
529,3,HCL
530,3,ILA
531,3,AHGT
532,3,PDL
533,3,DQP
534,3,PDA
535,3,HTW
536,3,TDGS
537,3,LLQ
538,3,GQR
539,3,AGA
540,3,VTT
541,3,TEV
542,3,WAK
543,3,LPAG
544,3,SAQ
545,3,AEL
546,3,ALT
547,3,ALK
548,3,AEG
549,3,KLN
550,3,YTD
551,3,RYA
552,3,ATA
553,3,IHG
554,3,IYR
555,3,RGL
556,3,TSE
557,3,KEI
558,3,NKD
559,3,ILA
560,3,LKA
561,3,FLP
562,3,RLS
563,3,IHP
564,3,HKG
565,3,SAE
566,3,RGN
567,3,MAD
568,3,AAR
569,3,AAI
570,3,ETP
571,3,TST
572,3,LIE
573,3,SSP
574,3,TSE
575,3,FHY
576,3,VTD
577,3,KDL
578,3,KLG
579,3,IYD
580,3,TKK
581,3,WVY
582,3,GKP
583,3,MPD
584,3,FTF
585,3,LLD
586,3,LHL
587,3,HLF
588,3,KMK
589,3,LLE
590,3,SHS
591,3,YYML
592,3,RDR
593,3,LKN
594,3,TET
595,3,KAC
596,3,QVN
597,3,SKS
598,3,VKQ
599,3,TRV
600,3,GHP
601,3,THWE
602,3,FTE
603,3,KPG
604,3,YGYK
605,3,LLV
606,3,IDT
607,3,SGWIE
608,3,FPT
609,3,KET
610,3,KVV
611,3,KKL
612,3,EEI
613,3,PRF
614,3,MPQ
615,3,LGT
616,3,NGP
617,3,FVS
618,3,VSQTVA
619,3,LLG
620,3,DWK
621,3,HAY
622,3,PQS
623,3,GQV
624,3,RMNR
625,3,IKE
626,3,LTK
627,3,TLA
628,3,GSR
629,3,WVL
630,3,LPL
631,3,LYR
632,3,RNT
633,3,GPH
634,3,LTP
635,3,EIL
636,3,GAP
637,3,PLV
638,3,FPD
639,3,DMT
640,3,VTN
641,3,PSL
642,3,AHL
643,3,ALY
644,3,VQHE
645,3,WRP
646,3,AAA
647,3,QEQ
648,3,DRP
649,3,VPH
650,3,YRV
651,3,DTV
652,3,VRR
653,3,QTK
654,3,LEP
655,3,WKG
656,3,YTV
657,3,LTT
658,3,TAL
659,3,VDG
660,3,AAWI
661,3,AAH
662,3,KAA
663,3,PGG
664,3,PSS
665,3,LTW
666,3,VQR
667,3,QNP
668,3,KIR
669,3,TRE
670,3,P
671,4,MIE
672,4,TFT
673,4,YDV
674,4,LFR
675,4,SRP
676,4,DAG
677,4,ESV
678,4,RSI
679,4,PLPQ
680,4,VAG
681,4,IRT
682,4,LFY
683,4,GLK
684,4,CVG
685,4,GEE
686,4,PEF
687,4,LVG
688,4,AIG
689,4,EKGR
690,4,YPL
691,4,FNI
692,4,KSE
693,4,FYK
694,4,VNP
695,4,RFLG
696,4,LIL
697,4,PKG
698,4,YKS
699,4,YVT
700,4,SIL
701,4,KYL
702,4,GEL
703,4,EVE
704,4,NKV
705,4,RIE
706,4,EKR
707,4,GIKL
708,4,REKK
709,4,VEEG
710,4,LYT
711,4,EFL
712,4,IEK
713,4,YAW
714,4,EDP
715,4,CGI
716,4,DIL
717,4,SYE
718,4,LTL
719,4,GES
720,4,VAF
721,4,EVD
722,4,KTP
723,4,IFN
724,4,ELG
725,4,TKK
726,4,LFY
727,4,STP
728,4,IGK
729,4,GEI
730,4,QELE
731,4,RLN
732,4,KID
733,4,YLL
734,4,SSR
735,4,TAI
736,4,GWD
737,4,EKK
738,4,KGT
739,4,FAI
740,4,PGS
741,4,LFV
742,4,FKE
743,4,VEV
744,4,PYI
745,4,LGK
746,4,KKLG
747,4,GLA
748,4,GGI
749,4,E
750,5,MKI
751,5,IEY
752,5,SCW
753,5,NAF
754,5,GGS
755,5,NEP
756,5,PKK
757,5,REF
758,5,GSM
759,5,SLK
760,5,EGN
761,5,KVC
762,5,NTL
763,5,TVMG
764,5,LNR
765,5,IGD
766,5,RKL
767,5,QAR
768,5,KMY
769,5,SAY
770,5,FEA
771,5,EDK
772,5,SFI
773,5,KPQ
774,5,TNE
775,5,SFI
776,5,NMNG
777,5,TDQ
778,5,AFT
779,5,MIK
780,5,SDP
781,5,FTS
782,5,YSQ
783,5,FWG
784,5,LAL
785,5,FTQ
786,5,CDF
787,5,IKQ
788,5,QVV
789,5,SIE
790,5,NPL
791,5,IIN
792,5,LES
793,5,NQE
794,5,ALE
795,5,SDD
796,5,AQV
797,5,KVL
798,5,EYF
799,5,DIE
800,5,LNN
801,5,GLI
802,5,PIS
803,5,YCS
804,5,LYL
805,5,LAR
806,5,ETS
807,5,NMT
808,5,AKT
809,5,AGG
810,5,SGI
811,5,KRG
812,5,TKKD
813,5,MDR
814,5,TTG
815,5,KKTI
816,5,GNP
817,5,IKK
818,5,KIK
819,5,QGE
820,5,TSM
821,5,TKA
822,5,GQL
823,5,ISI
824,5,VDR
825,5,KAQ
826,5,IKI
827,5,IEN
828,5,GVS
829,5,FYL
830,5,KKG
831,5,AYV
832,5,NIK
833,6,MKKEVRKVRIALASPEKIRSWSYGEVEKPETINYRTLKPERDGLFDERIFGPIKDYECACGKYKRQRFEGKVCERCGVEVT
834,6,SIV
835,6,RYR
836,6,GHIELATPAAHIWFVKDVPSKIGTLLDLSATELEQVLYF
837,6,KYI
838,6,LDP
839,6,GAI
840,6,NGV
841,6,VEK
842,6,QLL
843,6,DEE
844,6,REL
845,6,YGK
846,6,ETY
847,6,LPP
848,6,VDA
849,6,VKDG
850,6,EVV
851,6,GQE
852,6,APG
853,6,VSR
854,6,DGV
855,6,LYR
856,6,PRR
857,6,RVE
858,6,VKK
859,6,RAG
860,6,RLP
861,6,AAW
862,6,EKE
863,6,YKP
864,6,EILA
865,6,LPE
866,6,YLF
867,6,AEE
868,6,GVV
869,6,LKE
870,6,EEG
871,6,FLV
872,6,RRE
873,6,EPV
874,6,TYF
875,6,PVG
876,6,TPL
877,6,VHG
878,6,IVEK
879,6,QPL
880,6,EAK
881,6,LLR
882,6,PRQ
883,6,RAA
884,6,VEA
885,6,EEGE
886,6,VYL
887,6,LFL
888,6,WTE
889,6,KDY
890,6,VQP
891,6,MNV
892,6,VPE
893,6,ARVE
894,6,GDK
895,6,VAA
896,6,DPE
897,6,EVIA
898,6,AEG
899,6,VHL
900,6,EPA
901,6,ILV
902,6,KAR
903,6,YPF
904,6,DDV
905,6,VST
906,6,DRV
907,6,PGD
908,6,LADG
909,6,KVK
910,6,DVY
911,6,RVE
912,6,DLV
913,6,NVV
914,6,VVE
915,6,YDI
916,6,ARMG
917,6,EAI
918,6,QLL
919,6,ELD
920,6,EAL
921,6,KEL
922,6,EEM
923,6,HPS
924,6,ARR
925,6,KAR
926,6,RLE
927,6,VRA
928,6,LDS
929,6,NRPE
930,6,MIL
931,6,AVP
932,6,LPP
933,6,LRP
934,6,VQV
935,6,GGR
936,6,ATS
937,6,LND
938,6,YRR
939,6,INR
940,6,NRLK
941,6,LLA
942,6,GAP
943,6,III
944,6,NEK
945,6,MLQ
946,6,AVD
947,6,LLD
948,6,GRR
949,6,APV
950,6,NPG
951,6,DRP
952,6,RSL
953,6,DIL
954,6,GKQ
955,6,RFR
956,6,NLL
957,6,KRV
958,6,YSG
959,6,SVI
960,6,VGP
961,6,LKL
962,6,QCG
963,6,PKR
964,6,ALE
965,6,FKP
966,6,LLK
967,6,MEEK
968,6,IAP
969,6,VKA
970,6,RRM
971,6,ERQR
972,6,IKD
973,6,VWD
974,6,LEEV
975,6,HGK
976,6,VLL
977,6,RAP
978,6,LHR
979,6,GIQ
980,6,FQP
981,6,LVE
982,6,QSI
983,6,LHP
984,6,VCE
985,6,FNA
986,6,FDG
987,6,QMA
988,6,HVP
989,6,SSF
990,6,QAE
991,6,RIQ
992,6,LSA
993,6,NLL
994,6,PAS
995,6,EPL
996,6,KPS
997,6,DII
998,6,GLY
999,6,ITQ
1000,6,RKEK
1001,6,GAG
1002,6,EFA
1003,6,PEE
1004,6,LAA
1005,6,ERGEV
1006,6,LNA
1007,6,IKV
1008,6,GRE
1009,6,SVG
1010,6,LKY
1011,6,FAN
1012,6,DEA
1013,6,LAV
1014,6,HGIV
1015,6,LQDV
1016,6,TVR
1017,6,MGK
1018,6,LET
1019,6,PGR
1020,6,LFA
1021,6,IVA
1022,6,AVE
1023,6,EKV
1024,6,WEL
1025,6,QLDVP
1026,6,EKN
1027,6,LKD
1028,6,VYQ
1029,6,FLR
1030,6,GME
1031,6,TAR
1032,6,LDA
1033,6,KYY
1034,6,FTF
1035,6,TTS
1036,6,ITI
1037,6,IDD
1038,6,VIPE
1039,6,KKQ
1040,6,LEE
1041,6,DRK
1042,6,LQI
1043,6,QAY
1044,6,MGF
1045,6,TDR
1046,6,RYD
1047,6,ILQ
1048,6,WTE
1049,6,TEK
1050,6,TQA
1051,6,FKN
1052,6,EENY
1053,6,FNP
1054,6,YVM
1055,6,QSG
1056,6,RGN
1057,6,QQI
1058,6,QLCGL
1059,6,GLM
1060,6,KPS
1061,6,ETF
1062,6,VPV
1063,6,SSF
1064,6,EGL
1065,6,VLE
1066,6,FIS
1067,6,HGA
1068,6,KGG
1069,6,DTA
1070,6,RTA
1071,6,SGY
1072,6,TRK
1073,6,VDV
1074,6,HEI
1075,6,VRE
1076,6,DCG
1077,6,TNY
1078,6,SVP
1079,6,FQP
1080,6,EVT
1081,6,SLR
1082,6,RKR
1083,6,DIE
1084,6,GLY
1085,6,RVLA
1086,6,EVE
1087,6,LGV
1088,6,LEE
1089,6,RYL
1090,6,MDD
1091,6,HLL
1092,6,KAA
1093,6,AGE
1094,6,QEV
1095,6,VRSP
1096,6,TCQ
1097,6,RYG
1098,6,CQK
1099,6,YGY
1100,6,LSM
1101,6,RPV
1102,6,IGE
1103,6,VGI
1104,6,AAQ
1105,6,IGE
1106,6,GTQ
1107,6,TMR
1108,6,FHT
1109,6,GVA
1110,6,AAD
1111,6,TQG
1112,6,PRV
1113,6,ELF
1114,6,ARR
1115,6,KAK
1116,6,VIS
1117,6,IDG
1118,6,VRI
1119,6,ETE
1120,6,KLS
1121,6,FVE
1122,6,EGF
1123,6,KEY
1124,6,LPK
1125,6,ARL
1126,6,VKDG
1127,6,YVE
1128,6,GQP
1129,6,TRG
1130,6,IDP
1131,6,QLL
1132,6,AKG
1133,6,EAVE
1134,6,YLV
1135,6,EIQ
1136,6,VYR
1137,6,QGV
1138,6,LHD
1139,6,HIE
1140,6,VVR
1141,6,MMK
1142,6,VEV
1143,6,DPG
1144,6,SRL
1145,6,EGQ
1146,6,LEK
1147,6,DVE
1148,6,LNER
1149,6,IAE
1150,6,KTP
1151,6,AWKP
1152,6,LMG
1153,6,TKS
1154,6,LST
1155,6,SWL
1156,6,AAS
1157,6,QNT
1158,6,HVL
1159,6,EAA
1160,6,AGK
1161,6,DEL
1162,6,GLK
1163,6,NVI
1164,6,GRL
1165,6,PAG
1166,6,GSD
1167,6,VRF
1168,6,QVV
1169,6,QKT
1170,6,KAI
1171,6,EAR
1172,6,EAVE
1173,6,KER
1174,6,AAR
1175,6,GVK
1176,6,EQP
1177,6,KQA
1178,7,MKK
1179,7,VRKV
1180,7,IAL
1181,7,SPE
1182,7,IRS
1183,7,SYG
1184,7,VEK
1185,7,ETI
1186,7,YRT
1187,7,KPE
1188,7,DGL
1189,7,DER
1190,7,FGP
1191,7,KDY
1192,7,AGK
1193,7,KRQ
1194,7,FEG
1195,7,VER
1196,7,GVE
1197,7,TRS
1198,7,VRR
1199,7,RMG
1200,7,IELA
1201,7,PAA
1202,7,IWF
1203,7,KDV
1204,7,SKIG
1205,7,LLDL
1206,7,ATE
1207,7,EQV
1208,7,YFN
1209,7,YIV
1210,7,DPK
1211,7,AVL
1212,7,GVPV
1213,7,KRQ
1214,7,LTD
1215,7,EYR
1216,7,LRY
1217,7,KQE
1218,7,YPL
1219,7,AGV
1220,7,ALV
1221,7,DGE
1222,7,VVK
1223,7,QEL
1224,7,PGV
1225,7,SRM
1226,7,GVA
1227,7,YRF
1228,7,RRV
1229,7,VDYL
1230,7,KER
1231,7,ALR
1232,7,PLS
1233,7,WVE
1234,7,EAY
1235,7,PGE
1236,7,LAE
1237,7,SEP
1238,7,LFRA
1239,7,ESG
1240,7,VEL
1241,7,DLA
1242,7,GHL
1243,7,YLR
1244,7,EEE
1245,7,VAR
1246,7,FLP
1247,7,GMT
1248,7,LVV
1249,7,GEI
1250,7,EVG
1251,7,PLA
1252,7,GKG
1253,7,LRL
1254,7,RHM
1255,7,AKEVE
1256,7,EEE
1257,7,DSV
1258,7,LTL
1259,7,LEW
1260,7,EPK
1261,7,YKV
1262,7,PHM
1263,7,VIVP
1264,7,GAKV
1265,7,AGE
1266,7,IVA
1267,7,IDP
1268,7,EEV
1269,7,AEA
1270,7,GVV
1271,7,LHE
1272,7,ASI
1273,7,VVK
1274,7,RVY
1275,7,FED
1276,7,VEV
1277,7,TGD
1278,7,VAP
1279,7,DVL
1280,7,DGG
1281,7,VKSE
1282,7,YGR
1283,7,EVDL
1284,7,RNVV
1285,7,VVE
1286,7,YDI
1287,7,ARM
1288,7,AEA
1289,7,QEL
1290,7,KEL
1291,7,LEK
1292,7,ERE
1293,7,LEE
1294,7,KHP
1295,7,RAR
1296,7,AKA
1297,7,KRL
1298,7,VVR
1299,7,FLD
1300,7,GNR
1301,7,EWM
1302,7,LEA
1303,7,PVLP
1304,7,DLR
1305,7,MVQ
1306,7,DGG
1307,7,FAT
1308,7,DLN
1309,7,LYR
1310,7,LIN
1311,7,NNR
1312,7,KKL
1313,7,AQG
1314,7,PEI
1315,7,IRN
1316,7,KRM
1317,7,QEA
1318,7,DAV
1319,7,DNGR
1320,7,GSP
1321,7,TNP
1322,7,SER
1323,7,LRS
1324,7,TDI
1325,7,SGK
1326,7,GRF
1327,7,QNL
1328,7,GKR
1329,7,DYS
1330,7,RSV
1331,7,VVGP
1332,7,LKLH
1333,7,GLP
1334,7,RMA
1335,7,ELF
1336,7,PFL
1337,7,KKME
1338,7,KAF
1339,7,PNV
1340,7,AAR
1341,7,MLE
1342,7,QRD
1343,7,KDE
1344,7,WDA
1345,7,EEV
1346,7,HGKV
1347,7,LLN
1348,7,APT
1349,7,HRL
1350,7,IQA
1351,7,QPV
1352,7,VEG
1353,7,SIQ
1354,7,HPL
1355,7,EAF
1356,7,ADF
1357,7,GDQ
1358,7,AVH
1359,7,PLS
1360,7,FAQA
1361,7,ARI
1362,7,MLS
1363,7,HNL
1364,7,SPA
1365,7,GEP
1366,7,AKP
1367,7,RDI
1368,7,LGL
1369,7,YIT
1370,7,VRK
1371,7,KKG
1372,7,GMA
1373,7,ATP
1374,7,EAL
1375,7,AYE
1376,7,GEV
1377,7,LNA
1378,7,IVV
1379,7,GRE
1380,7,SVG
1381,7,LKF
1382,7,FAN
1383,7,DEA
1384,7,LAV
1385,7,HGLL
1386,7,LQD
1387,7,VTVR
1388,7,LGR
1389,7,LETS
1390,7,GRI
1391,7,FAR
1392,7,VGEA
1393,7,GDE
1394,7,VAQ
1395,7,LIQ
1396,7,DVP
1397,7,EKN
1398,7,LKD
1399,7,VYQ
1400,7,FLR
1401,7,GME
1402,7,TAR
1403,7,LDA
1404,7,KYY
1405,7,FTLS
1406,7,TSG
1407,7,TIG
1408,7,DDA
1409,7,IPEE
1410,7,QRYL
1411,7,EAD
1412,7,KLRQ
1413,7,EQA
1414,7,EMG
1415,7,LTD
1416,7,ERY
1417,7,QVI
1418,7,LWT
1419,7,TTE
1420,7,VTQ
1421,7,VFK
1422,7,FEE
1423,7,YPF
1424,7,PLY
1425,7,MAQ
1426,7,GAR
1427,7,NPQ
1428,7,IRQ
1429,7,GMR
1430,7,LMQ
1431,7,PSG
1432,7,TFE
1433,7,PVR
1434,7,SFR
1435,7,GLT
1436,7,LEY
1437,7,ISS
1438,7,GAR
1439,7,GGA
1440,7,TAL
1441,7,TAD
1442,7,GYL
1443,7,RKL
1444,7,DVA
1445,7,EIV
1446,7,REA
1447,7,GTT
1448,7,YIS
1449,7,PLF
1450,7,MDE
1451,7,TRTL
1452,7,LRK
1453,7,SDI
1454,7,SGL
1455,7,GRV
1456,7,ARE
1457,7,EAL
1458,7,RRL
1459,7,EGR
1460,7,LSLED
1461,7,HFL
1462,7,KAA
1463,7,AGE
1464,7,REVP
1465,7,RSP
1466,7,TQT
1467,7,YGV
1468,7,QKY
1469,7,YDL
1470,7,MAR
1471,7,VSIG
1472,7,AVG
1473,7,VAAE
1474,7,IGE
1475,7,GTQ
1476,7,TMR
1477,7,FHT
1478,7,GVA
1479,7,GTD
1480,7,TQG
1481,7,PRV
1482,7,ELF
1483,7,ARR
1484,7,KAKA
1485,7,ISE
1486,7,DGV
1487,7,RIEE
1488,7,EDR
1489,7,SVF
1490,7,ESE
1491,7,FSK
1492,7,YKL
1493,7,KDA
1494,7,LLV
1495,7,DGD
1496,7,VEA
1497,7,QPL
1498,7,RGA
1499,7,DPH
1500,7,LLEA
1501,7,GPEA
1502,7,ERYL
1503,7,DEI
1504,7,KVY
1505,7,AQG
1506,7,KLH
1507,7,KHI
1508,7,IVV
1509,7,QML
1510,7,YVE
1511,7,TDP
1512,7,DSR
1513,7,LEG
1514,7,VLE
1515,7,WDV
1516,7,ALN
1517,7,RLI
1518,7,EGKV
1519,7,VAW
1520,7,PLL
1521,7,GVT
1522,7,SAL
1523,7,TKS
1524,7,LSA
1525,7,SFQ
1526,7,TTH
1527,7,LTE
1528,7,AIA
1529,7,KKD
1530,7,LIG
1531,7,KEN
1532,7,ILG
1533,7,LIP
1534,7,GTG
1535,7,DFV
1536,7,FTQ
1537,7,VDQ
1538,7,TLK
1539,7,IEE
1540,7,RKE
1541,7,VEA
1542,7,EKE
1543,7,PRR
1544,7,VRR
1545,7,QPG
1546,7,GL
1547,8,MKKS
1548,8,SKKK
1549,8,AKA
1550,8,EVEV
1551,8,EPV
1552,8,EPE
1553,8,LPEL
1554,8,AAE
1555,8,LQD
1556,8,PEP
1557,8,PEL
1558,8,ASE
1559,8,ELE
1560,8,LAD
1561,8,LDL
1562,8,GPL
1563,8,ADL
1564,8,PEE
1565,8,LLE
1566,8,EEE
1567,8,LSL
1568,8,KVS
1569,8,SDP
1570,8,RQY
1571,8,HEI
1572,8,QVPL
1573,8,TLE
1574,8,EID
1575,8,ARK
1576,8,EEG
1577,8,EAI
1578,8,KLS
1579,8,ATGL
1580,8,QELI
1581,8,EVV
1582,8,AKI
1583,8,GTA
1584,8,IQK
1585,8,PGL
1586,8,EKP
1587,8,PKT
1588,8,EEV
1589,8,GKL
1590,8,SLP
1591,8,ELK
1592,8,YLH
1593,8,ARE
1594,8,EAA
1595,8,QHL
1596,8,EAN
1597,8,RLV
1598,8,SIAKK
1599,8,TGRGL
1600,8,FLD
1601,8,IQE
1602,8,NQG
1603,8,IRA
1604,8,EKF
1605,8,YKR
1606,8,FKF
1607,8,TYAT
1608,8,WIR
1609,8,AIN
1610,8,AIA
1611,8,QAR
1612,8,IRI
1613,8,VHM
1614,8,ETI
1615,8,KLS
1616,8,TAR
1617,8,LQQ
1618,8,LGR
1619,8,PSY
1620,8,EIA
1621,8,AMG
1622,8,GWD
1623,8,KRV
1624,8,ETL
1625,8,IAQ
1626,8,PVS
1627,8,ETP
1628,8,GDE
1629,8,DSF
1630,8,GDF
1631,8,PDEN
1632,8,PSP
1633,8,EAAA
1634,8,SLL
1635,8,EEL
1636,8,KAL
1637,8,KLS
1638,8,REA
1639,8,VLK
1640,8,RKG
1641,8,IDG
1642,8,EHT
1643,8,EEV
1644,8,AYF
1645,8,VTR
1646,8,RIR
1647,8,IEN
1648,8,ALR
1649,8,LKY
1650,8,ESR
1651,8,RKL
1652,8,DFL
1653,9,MKL
1654,9,IPE
1655,9,SLV
1656,9,LIG
1657,9,SGS
1658,9,KST
1659,9,AKK
1660,9,FKP
1661,9,EVI
1662,9,SDF
1663,9,RGL
1664,9,SDD
1665,9,NDQT
1666,9,TGA
1667,9,FDV
1668,9,HYI
1669,9,SKR
1670,9,QLG
1671,9,LTV
1672,9,DAT
1673,9,VQE
1674,9,ARK
1675,9,LIE
1676,9,AKD
1677,9,HCF
1678,9,VAV
1679,9,FNL
1680,9,EKV
1681,9,QER
1682,9,KNR
1683,9,DRQ
1684,9,EEY
1685,9,IRK
1686,9,TQQ
1687,9,KKS
1688,9,KGL
1689,9,REG
1690,9,RYV
1691,9,ILN
1692,9,PEEV
1693,9,EVV
1694,9,ERQ
1695,9,LWN
1696,9,KKD
1697,9,HGP
1698,9,DII
1699,9,DIH
1700,9,CYD
1701,9,LKM
1702,9,LEK
1703,9,GYL
1704,9,EEV
1705,9,GGV
1706,9,SGK
1707,9,RVT
1708,9,PEG
1709,9,KVL
1710,9,LGD
1711,9,VDR
1712,9,PKI
1713,9,EVL
1714,9,LVM
1715,9,MVKS
1716,9,IAL
1717,9,VPG
1718,9,HDV
1719,9,LLR
1720,9,LNG
1721,9,DVQ
1722,9,THG
1723,9,DRT
1724,9,EQL
1725,9,KEP
1726,9,EFI
1727,9,EVK
1728,9,FID
1729,9,LVS
1730,9,YVL
1731,9,DGK
1732,9,VVA
1733,9,AGM
1734,9,EEF
1735,9,GRG
1736,9,GKV
1737,9,EFA
1738,9,YGE
1739,9,TGE
1740,9,DEY
1741,9,LPV
1742,9,YDW
1743,9,SDY
1744,9,GKA
1745,9,VVY
1746,9,HTP
1747,9,AEV
1748,9,KVN
1749,9,TIN
1750,9,DTG
1751,9,VFG
1752,9,KLT
1753,9,YRY
1754,9,ERE
1755,9,VDV
1756,9,ALK
1757,9,YYE
1758,9,AKP
1759,9,LPK
1760,9,DMA
1761,9,RFE
1762,9,RTD
1763,9,DIL
1764,9,INDV
1765,9,GKK
1766,9,ITT
1767,9,LMS
1768,9,ITI
1769,9,EEN
1770,9,IAA
1771,9,EVMS
1772,9,FAA
1773,9,PHWL
1774,9,YLP
1775,9,TMS
1776,9,CET
1777,9,KKE
1778,9,MLE
1779,9,PIE
1780,9,FEY
1781,9,RTR
1782,9,VGK
1783,9,VCE
1784,9,KHM
1785,9,SRA
1786,9,VIV
1787,9,KDS
1788,9,VAE
1789,9,RFG
1790,9,LDG
1791,9,AGI
1792,9,YTR
1793,9,GRH
1794,9,FDD
1795,9,QLE
1796,9,ELI
1797,9,RVR
1798,9,VLD
1799,9,SGF
1800,9,GDF
1801,9,TDW
1802,9,CLD
1803,9,ELM
1804,9,WSA
1805,9,AQK
1806,9,LEE
1807,9,YSA
1808,9,GIS
1809,9,RVV
1810,9,DEA
1811,9,KLL
1812,9,QAS
1813,9,NKT
1814,9,SFDV
1815,9,RQT
1816,9,GKNA
1817,9,INE
1818,9,LQR
1819,9,TER
1820,9,EMM
1821,9,KYV
1822,9,AYR
1823,9,YCW
1824,9,VNS
1825,9,DDL
1826,9,LAP
1827,9,HIL
1828,9,TEG
1829,9,VHS
1830,9,KNH
1831,9,WHM
1832,9,TIA
1833,9,YCT
1834,9,DDS
1835,9,IMA
1836,9,NHI
1837,9,VDV
1838,9,DAE
1839,9,VDK
1840,9,IKW
1841,9,EDL
1842,9,ASG
1843,9,EGM
1844,9,VKP
1845,9,DFI
1846,9,KNG
1847,9,ELL
1848,9,PAV
1849,9,CRG
1850,9,EYL
1851,9,IIY
1852,9,PEY
1853,9,MDE
1854,9,IER
1855,9,RNR
1856,9,VGK
1857,9,RSL
1858,9,LRE
1859,9,SLG
1860,9,EAL
1861,9,RFV
1862,9,NEPL
1863,9,RVH
1864,9,CVF
1865,9,VLA
1866,9,ESEP
1867,9,DPR
1868,10,MLEG
1869,10,ILAVS
1870,10,QSK
1871,10,NAI
1872,10,NNV
1873,10,GAP
1874,10,RVF
1875,10,KLR
1876,10,PEV
1877,10,GLD
1878,10,QTS
1879,10,EWL
1880,10,GSD
1881,10,WRQAA
1882,10,DRG
1883,10,ENP
1884,10,GGLEE
1885,10,LAE
1886,10,SPE
1887,10,FSG
1888,10,MSL
1889,10,FSD
1890,10,RDE
1891,10,KAS
1892,10,DEK
1893,10,KDT
1894,10,AAP
1895,10,FVT
1896,10,EFI
1897,10,NNT
1898,10,EIK
1899,10,QTV
1900,10,MGD
1901,10,PMT
1902,10,KGT
1903,10,IIN
1904,10,TER
1905,10,VVS
1906,10,LVR
1907,10,PVF
1908,10,ETI
1909,10,KST
1910,10,KTL
1911,10,SVK
1912,10,IPRG
1913,10,WLE
1914,10,DVK
1915,10,DTV
1916,10,VRD
1917,10,KRQ
1918,10,VTV
1919,10,LKA
1920,10,GWT
1921,10,EQI
1922,10,ERG
1923,10,SEI
1924,10,MGTLE
1925,10,DTT
1926,10,GTE
1927,10,LLI
1928,10,RKR
1929,10,GEP
1930,10,TKE
1931,10,AQTL
1932,10,ENL
1933,10,FKE
1934,10,RDL
1935,10,RVR
1936,10,KVN
1937,10,KLG
1938,10,NAG
1939,10,PTS
1940,10,TLT
1941,10,EDV
1942,10,ATI
1943,10,LVR
1944,10,HEG
1945,10,TST
1946,10,PGV
1947,10,VPV
1948,10,VDD
1949,10,DHF
1950,10,NRL
1951,10,TVG
1952,10,LIQ
1953,10,QIR
1954,10,GLS
1955,10,MER
1956,10,VRE
1957,10,MTT
1958,10,DVE
1959,10,ITPQ
1960,10,LIN
1961,10,RPV
1962,10,AAI
1963,10,EFFG
1964,10,SQL
1965,10,QFD
1966,10,NNP
1967,10,SGL
1968,10,HKR
1969,10,LSA
1970,10,GPG
1971,10,SRE
1972,10,AGLE
1973,10,RVH
1974,10,SHG
1975,10,MPE
1976,10,PEP
1977,10,IGL
1978,10,GSL
1979,10,VAR
1980,10,NPG
1981,10,IET
1982,10,RKE
1983,10,GVV
1984,10,DQI
1985,10,LTA
1986,10,EED
1987,10,HVV
1988,10,QAN
1989,10,PTE
1990,10,GRT
1991,10,DRV
1992,10,VRK
1993,10,GGEVE
1994,10,VSA
1995,10,QVM
1996,10,VSP
1997,10,QVS
1998,10,ATA
1999,10,IPLE
2000,10,DDA
2001,10,RAM
2002,10,ANQ
2003,10,QAV
2004,10,LVR
2005,10,EAP
2006,10,VGT
2007,10,MEL
2008,10,AAI
2009,10,AGV
2010,10,VAK
2011,10,GVIE
2012,10,VSA
2013,10,ITV
2014,10,ADG
2015,10,RQR
2016,10,RKA
2017,10,SNG
2018,10,ANQ
2019,10,PVD
2020,10,GQR
2021,10,EAG
2022,10,VIA
2023,10,GPT
2024,10,NGE
2025,10,ALG
2026,10,NLV
2027,10,IPEG
2028,10,NED
2029,10,IIL
2030,10,NRV
2031,10,EDV
2032,10,TSI
2033,10,IEE
2034,10,EID
2035,10,RTK
2036,10,GAE
2037,10,ITR
2038,10,IPNV
2039,10,DEV
2040,10,ALD
2041,10,RGV
2042,10,IGA
2043,10,VRG
2044,10,ILV
2045,10,KVT
2046,10,KGE
2047,10,ELT
2048,10,EER
2049,10,LRA
2050,10,FGE
2051,10,ARE
2052,10,RTS
2053,10,KVP
2054,10,GES
2055,10,KVI
2056,10,IRV
2057,10,SRE
2058,10,DDE
2059,10,PAV
2060,10,ELV
2061,10,VVA
2062,10,KRK
2063,10,SDG
2064,10,KLA
2065,10,RGN
2066,10,GVI
2067,10,KIL
2068,10,VED
2069,10,PLP
2070,10,GTP
2071,10,DII
2072,10,NTG
2073,10,PRN
2074,10,GQI
2075,10,ETL
2076,10,WVA
2077,10,AGN
2078,10,DVA
2079,10,GVP
2080,10,WAS
2081,10,LPE
2082,10,LSA
2083,10,AST
2084,10,ATP
2085,10,FDG
2086,10,QEG
2087,10,LAG
2088,10,LGS
2089,10,LPN
2090,10,DGE
2091,10,MVD
2092,10,DGK
2093,10,TLF
2094,10,GRG
2095,10,PPP
2096,10,TVG
2097,10,MIL
2098,10,LHL
2099,10,DDK
2100,10,HAR
2101,10,TGP
2102,10,SIT
2103,10,QPG
2104,10,KAQ
2105,10,GGQ
2106,10,FGE
2107,10,EWA
2108,10,QAG
2109,10,ATL
2110,10,ELT
2111,10,KSDD
2112,10,VGR
2113,10,KVE
2114,10,IVK
2115,10,ENI
2116,10,EPI
2117,10,ESF
2118,10,VLK
2119,10,LQS
2120,10,LNVE
2121,10,LSS
2122,10,GAA
2123,10,ERG
2124,10,DELE
2125,10,AAA
2126,10,LGI
2127,10,LSR
2128,10,ESA
2129,10,VED
2130,10,A
2131,11,MLE
2132,11,KVK
2133,11,FNS
2134,11,KGF
2135,11,FIE
2136,11,EGQ
2137,11,DVF
2138,11,HFS
2139,11,IQG
2140,11,GFK
2141,11,LEE
2142,11,QAV
2143,11,FEI
2144,11,EGNR
2145,11,PQA
2146,11,NVT
2147,11,EA
2148,12,MNP
2149,12,QGY
2150,12,LSG
2151,12,YTH
2152,12,FQG
2153,12,EHR
2154,12,LRY
2155,12,QPG
2156,12,GSS
2157,12,SSF
2158,12,LKQ
2159,12,EFL
2160,12,GQL
2161,12,EAP
2162,12,IGK
2163,12,TPS
2164,12,PPS
2165,12,PGL
2166,12,PRF
2167,12,VLL
2168,12,SST
2169,12,GRQ
2170,12,DIRG
2171,12,PRG
2172,12,HLR
2173,12,QGL
2174,12,RGF
2175,12,HPS
2176,12,RGR
2177,12,LPQ
2178,12,GVD
2179,12,LSS
2180,12,FQE
2181,12,SIY
2182,12,DQE
2183,12,RIL
2184,12,FLE
2185,12,LGE
2186,12,KATT
2187,12,HDL
2188,12,GKLG
2189,12,PKK
2190,12,INR
2191,12,LYS
2192,12,AKK
2193,12,KLQ
2194,12,EAG
2195,12,PPL
2196,12,KIA
2197,12,STQA
2198,12,NQH
2199,12,GVV
2200,12,PDG
2201,12,SQG
2202,12,PNS
2203,12,PSL
2204,12,PED
2205,12,NST
2206,12,VSE
2207,12,LLE
2208,12,FIA
2209,12,SAQA
2210,12,NQH
2211,12,GVV
2212,12,PDS
2213,12,SQG
2214,12,PNS
2215,12,PGL
2216,12,PED
2217,12,NST
2218,12,ALE
2219,12,PLE
2220,12,LDM
2221,12,EIKE
2222,12,ICD
2223,12,LFN
2224,12,SDS
2225,12,ALN
2226,12,AKN
2227,12,GLT
2228,12,ARD
2229,12,NAVL
2230,12,DME
2231,12,QGD
2232,12,YRQ
2233,12,TTP
2234,12,IWH
2235,12,TDK
2236,12,RER
2237,12,QIK
2238,12,NTN
2239,12,VPET
2240,12,PAA
2241,12,PET
2242,12,RNA
2243,12,FLT
2244,12,NIP
2245,12,SNA
2246,12,NNMV
2247,12,TEK
2248,12,ENG
2249,12,EPV
2250,12,KLE
2251,12,RQE
2252,12,RPE
2253,12,ARL
2254,12,PPV
2255,12,YNG
2256,12,SKA
2257,12,YVD
2258,12,ENG
2259,12,WATD
2260,12,IPDD
2261,12,NSIR
2262,12,APG
2263,12,FRA
2264,12,MEM
2265,12,SFY
2266,12,HGL
2267,12,RCS
2268,12,YKK
2269,12,TEC
2270,12,LKN
2271,12,ISG
2272,12,LEY
2273,12,QFA
2274,12,QTC
2275,12,FNM
2276,12,EQS
2277,12,PPH
2278,12,PRFK
2279,12,QVV
2280,12,NGR
2281,12,FPP
2282,12,EAG
2283,12,KKV
2284,12,KQD
2285,12,AMK
2286,12,MTI
2287,12,LEE
2288,12,KAK
2289,12,SGK
2290,12,EES
2291,12,HYS
2292,12,EKE
2293,12,EKT
2294,12,ESQ
2295,12,PTP
2296,12,ATS
2297,12,FSG
2298,12,SPV
2299,12,TLL
2300,12,CMH
2301,12,LGN
2302,12,CEF
2303,12,LLS
2304,12,EGP
2305,12,HEP
2306,12,FQY
2307,12,VAV
2308,12,AQT
2309,12,PSV
2310,12,APS
2311,12,KVA
2312,12,QMAAE
2313,12,AMK
2314,12,LHG
2315,12,ATN
2316,12,MAS
2317,12,NQP
2318,12,GMI
2319,12,ESL
2320,12,NLE
2321,12,MMP
2322,12,KVR
2323,12,IGE
2324,12,VRY
2325,12,NTN
2326,12,VGG
2327,12,LEY
2328,12,RSH
2329,12,FAA
2330,12,FKL
2331,12,DQS
2332,12,PPH
2333,12,PKF
2334,12,YQA
2335,12,VGG
2336,12,WFP
2337,12,VCA
2338,12,SKK
2339,12,GKQ
2340,12,AAD
2341,12,ALR
2342,12,LIG
2343,12,NEK
2344,12,ERM
2345,12,FTE
2346,12,TPV
2347,12,GAS
2348,12,RRT
2349,12,LLL
2350,12,RSP
2351,12,AQP
2352,12,TLP
2353,12,TGS
2354,12,FHD
2355,12,IAM
2356,12,SHR
2357,12,FNT
2358,12,TNS
2359,12,QPS
2360,12,LGR
2361,12,ILA
2362,12,IIM
2363,12,KDS
2364,12,DMG
2365,12,VVS
2366,12,GTG
2367,12,RCV
2368,12,GDS
2369,12,SLK
2370,12,ETV
2371,12,DCH
2372,12,EIIS
2373,12,RGF
2374,12,RFLY
2375,12,ELM
2376,12,YNSQ
2377,12,AKD
2378,12,IFE
2379,12,AKG
2380,12,EKL
2381,12,IKK
2382,12,VSF
2383,12,LYI
2384,12,TAP
2385,12,GDG
2386,12,LFD
2387,12,SCSD
2388,12,AME
2389,12,TES
2390,12,HYP
2391,12,FEN
2392,12,KQG
2393,12,LRT
2394,12,VEN
2395,12,EGT
2396,12,PVE
2397,12,SDI
2398,12,PTD
2399,12,IRL
2400,12,ERL
2401,12,TMS
2402,12,SDKI
2403,12,RNV
2404,12,GLQ
2405,12,ALLT
2406,12,FLQ
2407,12,IYL
2408,12,SVT
2409,12,GYL
2410,12,SQG
2411,12,LTR
2412,12,ICC
2413,12,VTR
2414,12,GSA
2415,12,EDGL
2416,12,HPF
2417,12,VNH
2418,12,KVG
2419,12,VSI
2420,12,DSK
2421,12,QSG
2422,12,TKET
2423,12,VNW
2424,12,LAD
2425,12,YDL
2426,12,ILD
2427,12,TRG
2428,12,VDG
2429,12,RNE
2430,12,SRV
2431,12,KKN
2432,12,FLL
2433,12,KKL
2434,12,SFR
2435,12,RRDL
2436,12,RLS
2437,12,GEA
2438,12,KAA
2439,12,DYET
2440,12,KNY
2441,12,KKG
2442,12,KDM
2443,12,YGN
2444,12,ISK
2445,12,QEE
2446,12,NFY
2447,12,CPV
2448,13,MQK
2449,13,TGI
2450,13,SVD
2451,13,KIKA
2452,13,GHG
2453,13,VNW
2454,13,GPT
2455,13,LTG
2456,13,DGK
2457,13,VDN
2458,13,TLP
2459,13,LRG
2460,13,TNL
2461,13,GKV
2462,13,DET
2463,13,YKY
2464,13,KQA
2465,13,DIN
2466,13,KETP
2467,13,YIS
2468,13,NIRH
2469,13,LFR
2470,13,QAF
2471,13,LHY
2472,13,SDK
2473,13,LKN
2474,13,LAS
2475,13,TGL
2476,13,RGY
2477,13,VPS
2478,13,QKR
2479,13,SPLL
2480,13,EDF
2481,13,DQL
2482,13,NGN
2483,13,EQYG
2484,13,AGA
2485,13,DST
2486,13,FFS
2487,13,TTF
2488,13,DTE
2489,13,ISYG
2490,13,ISI
2491,13,QLQ
2492,13,ISL
2493,13,KKF
2494,13,RAA
2495,13,VIK
2496,13,GEG
2497,13,VIA
2498,13,ELQ
2499,13,YIQ
2500,13,LNP
2501,13,LNP
2502,13,AIF
2503,13,SNY
2504,13,RRG
2505,13,IFE
2506,13,GEG
2507,13,LLN
2508,13,DAV
2509,13,ALV
2510,13,ETL
2511,13,RLA
2512,13,LSI
2513,13,QAK
2514,13,YMY
2515,13,DDI
2516,13,VDY
2517,13,DSH
2518,13,MMR
2519,13,KRD
2520,13,SEI
2521,13,NEQ
2522,13,APFA
2523,13,YFY
2524,13,K
2525,14,MRG
2526,14,LPL
2527,14,EPKG
2528,14,VLL
2529,14,DGH
2530,14,LAY
2531,14,TFH
2532,14,LKG
2533,14,TTS
2534,14,GEP
2535,14,QAV
2536,14,GFA
2537,14,SLL
2538,14,ALK
2539,14,DGD
2540,14,VIV
2541,14,FDA
2542,14,APS
2543,14,RHE
2544,14,YGG
2545,14,KAG
2546,14,APT
2547,14,EDF
2548,14,RQL
2549,14,LIK
2550,14,LVD
2551,14,LGL
2552,14,RLE
2553,14,PGY
2554,14,ADD
2555,14,LAS
2556,14,AKK
2557,14,EKE
2558,14,YEV
2559,14,ILT
2560,14,DKD
2561,14,YQL
2562,14,SDR
2563,14,HVL
2564,14,PEG
2565,14,LIT
2566,14,AWL
2567,14,EKY
2568,14,LRP
2569,14,QWA
2570,14,YRA
2571,14,TGD
2572,14,SDN
2573,14,PGV
2574,14,GIG
2575,14,KTA
2576,14,KLL
2577,14,EWG
2578,14,LEA
2579,14,LKN
2580,14,DRL
2581,14,PAI
2582,14,EKI
2583,14,AHM
2584,14,DLK
2585,14,SWD
2586,14,AKV
2587,14,TDL
2588,14,LEV
2589,14,FAK
2590,14,REP
2591,14,RER
2592,14,RAF
2593,14,ERL
2594,14,FGS
2595,14,LHE
2596,14,GLL
2597,14,SPK
2598,14,LEE
2599,14,PWP
2600,14,PEG
2601,14,FVG
2602,14,VLS
2603,14,KEP
2604,14,WAD
2605,14,LAL
2606,14,AAR
2607,14,GRV
2608,14,RAP
2609,14,PYK
2610,14,LRD
2611,14,KEA
2612,14,GLL
2613,14,KDL
2614,14,VLA
2615,14,REGL
2616,14,LPP
2617,14,DDP
2618,14,LLA
2619,14,LLD
2620,14,SNT
2621,14,PEG
2622,14,ARR
2623,14,GGE
2624,14,TEE
2625,14,GER
2626,14,ALS
2627,14,RLF
2628,14,NLW
2629,14,RLE
2630,14,EER
2631,14,LWL
2632,14,REV
2633,14,RPL
2634,14,AVL
2635,14,HME
2636,14,TGV
2637,14,LDV
2638,14,YLR
2639,14,LSL
2640,14,VAE
2641,14,IAR
2642,14,EAE
2643,14,FRL
2644,14,GHP
2645,14,NLN
2646,14,RDQ
2647,14,ERV
2648,14,FDE
2649,14,GLP
2650,14,IGK
2651,14,EKT
2652,14,KRS
2653,14,SAA
2654,14,LEA
2655,14,REA
2656,14,PIV
2657,14,KIL
2658,14,YRE
2659,14,TKL
2660,14,STY
2661,14,DPL
2662,14,DLI
2663,14,PRT
2664,14,RLHT
2665,14,FNQ
2666,14,ATA
2667,14,GRL
2668,14,SSD
2669,14,NLQ
2670,14,IPV
2671,14,TPL
2672,14,QRI
2673,14,RAF
2674,14,AEE
2675,14,WLL
2676,14,ALD
2677,14,SQI
2678,14,LRV
2679,14,AHL
2680,14,GDE
2681,14,LIR
2682,14,FQE
2683,14,RDI
2684,14,TET
2685,14,SWM
2686,14,GVP
2687,14,EAV
2688,14,PLM
2689,14,RAA
2690,14,TIN
2691,14,GVL
2692,14,GMS
2693,14,HRL
2694,14,QEL
2695,14,IPY
2696,14,EAQ
2697,14,FIE
2698,14,YFQ
2699,14,FPK
2700,14,RAW
2701,14,EKT
2702,14,EEG
2703,14,RRG
2704,14,VETL
2705,14,GRR
2706,14,YVP
2707,14,LEA
2708,14,VKS
2709,14,REA
2710,14,ERM
2711,14,FNM
2712,14,VQG
2713,14,AAD
2714,14,MKL
2715,14,MVK
2716,14,FPR
2717,14,EEM
2718,14,ARM
2719,14,LQV
2720,14,DELV
2721,14,EAP
2722,14,ERA
2723,14,AVA
2724,14,LAK
2725,14,VME
2726,14,VYP
2727,14,AVP
2728,14,EVE
2729,14,GIG
2730,14,DWL
2731,14,AKE
2732,15,MSD
2733,15,ANS
2734,15,KYY
2735,15,EDP
2736,15,GFE
2737,15,ESA
2738,15,ITA
2739,15,DSW
2740,15,VIS
2741,15,FFR
2742,15,KGL
2743,15,SQQ
2744,15,DSF
2745,15,QFV
2746,15,YTL
2747,15,DII
2748,15,EDS
2749,15,LIL
2750,15,QLA
2751,15,HTT
2752,15,SDN
2753,15,SRK
2754,15,EIS
2755,15,GKI
2756,15,VTK
2757,15,MVN
2758,15,SDG
2759,15,THA
2760,15,YPQ
2761,15,ARL
2762,15,NLT
2763,15,SSG
2764,15,FVD
2765,15,KKR
2766,15,YEA
2767,15,DVPG
2768,15,ELK
2769,15,ELI
2770,15,EESEDD
2771,15,ESG
2772,15,VFI
2773,15,RLP
2774,15,MLR
2775,15,KNC
2776,15,LSE
2777,15,TES
2778,15,LYK
2779,15,KEC
2780,15,FDM
2781,15,GYF
2782,15,ING
2783,15,EKV
2784,15,IAQ
2785,15,RSA
2786,15,NIV
2787,15,VFK
2788,15,AAP
2789,15,PIS
2790,15,VAE
2791,15,RSA
2792,15,EKG
2793,15,RFI
2794,15,TLQ
2795,15,KLY
2796,15,REG
2797,15,SAR
2798,15,IKA
2799,15,LPY
2800,15,KQD
2801,15,PIV
2802,15,IFR
2803,15,LGI
2804,15,PDG
2805,15,ILE
2806,15,ICY
2807,15,VND
2808,15,QML
2809,15,MLK
2810,15,CVE
2811,15,GFV
2812,15,QDR
2813,15,TAL
2814,15,FIG
2815,15,RGT
2816,15,LGI
2817,15,KEK
2818,15,IQY
2819,15,KDI
2820,15,QKE
2821,15,LPH
2822,15,TQL
2823,15,GFE
2824,15,RKA
2825,15,FLG
2826,15,MIN
2827,15,LLL
2828,15,ALD
2829,15,KDQ
2830,15,DRD
2831,15,FGK
2832,15,RLD
2833,15,AGP
2834,15,LAQ
2835,15,FKT
2836,15,FKK
2837,15,TKD
2838,15,FRY
2839,15,QRT
2840,15,EEA
2841,15,DFN
2842,15,KLA
2843,15,NAK
2844,15,ITS
2845,15,LKY
2846,15,LAT
2847,15,NWG
2848,15,QKK
2849,15,MSS
2850,15,AGVSQ
2851,15,LNR
2852,15,TYS
2853,15,TLS
2854,15,LRR
2855,15,NTP
2856,15,GRD
2857,15,KLA
2858,15,PRQ
2859,15,HNT
2860,15,WGLV
2861,15,PAE
2862,15,PEG
2863,15,ACGL
2864,15,KNL
2865,15,LMS
2866,15,ISV
2867,15,TDP
2868,15,PII
2869,15,FLS
2870,15,WGM
2871,15,PLE
2872,15,YVP
2873,15,QSPDA
2874,15,RVF
2875,15,NGV
2876,15,HGV
2877,15,RNP
2878,15,RLM
2879,15,TLR
2880,15,LRR
2881,15,GDI
2882,15,PEV
2883,15,MIR
2884,15,IRE
2885,15,ELK
2886,15,FTDA
2887,15,RVYR
2888,15,LFI
2889,15,EDDE
2890,15,LGH
2891,15,ELK
2892,15,RKG
2893,15,IAK
2894,15,MAT
2895,15,YQD
2896,15,EGG
2897,15,EDV
2898,15,EYT
2899,15,SSLL
2900,15,EGL
2901,15,EYI
2902,15,AEE
2903,15,ESIL
2904,15,AMQ
2905,15,EDL
2906,15,PAE
2907,15,NEE
2908,15,DLD
2909,15,DPA
2910,15,RIR
2911,15,SHH
2912,15,TTF
2913,15,HCE
2914,15,HPS
2915,15,ILG
2916,15,AAS
2917,15,IPFP
2918,15,HNQ
2919,15,PRN
2920,15,YQS
2921,15,MGK
2922,15,AMGV
2923,15,LTN
2924,15,NVR
2925,15,DTM
2926,15,NIL
2927,15,YPQ
2928,15,PLG
2929,15,TRA
2930,15,EYL
2931,15,FRE
2932,15,PAG
2933,15,NAI
2934,15,AIA
2935,15,YSG
2936,15,NQE
2937,15,SMI
2938,15,NQS
2939,15,IDR
2940,15,LFR
2941,15,LFF
2942,15,SYM
2943,15,QEK
2944,15,YGM
2945,15,ITE
2946,15,FEK
2947,15,QRT
2948,15,TLR
2949,15,KHG
2950,15,YDK
2951,15,DDD
2952,15,LIAP
2953,15,VRVS
2954,15,EDV
2955,15,IGK
2956,15,TPI
2957,15,PDE
2958,15,ELG
2959,15,RTA
2960,15,HSK
2961,15,DAS
2962,15,PLR
2963,15,TEN
2964,15,IVD
2965,15,VLVT
2966,15,NQD
2967,15,LKF
2968,15,KVR
2969,15,RTT
2970,15,IPQ
2971,15,GDK
2972,15,ASR
2973,15,GQK
2974,15,TIG
2975,15,TYR
2976,15,EDM
2977,15,FTA
2978,15,GIV
2979,15,DLI
2980,15,NPHA
2981,15,PSR
2982,15,TVA
2983,15,LIE
2984,15,LLS
2985,15,VAA
2986,15,SGN
2987,15,GDA
2988,15,PFTD
2989,15,TVEGI
2990,15,KLL
2991,15,EHG
2992,15,QSRG
2993,15,EVM
2994,15,NGH
2995,15,GKK
2996,15,MAQ
2997,15,FFG
2998,15,TYY
2999,15,RLR
3000,15,MVD
3001,15,KIH
3002,15,RAR
3003,15,PMQ
3004,15,LTR
3005,15,PVEG
3006,15,SRD
3007,15,GLR
3008,15,GEM
3009,15,RDC
3010,15,IAH
3011,15,AAS
3012,15,LKE
3013,15,LME
3014,15,SDA
3015,15,RVH
3016,15,CGI
3017,15,GLM
3018,15,VIA
3019,15,LNH
3020,15,QFE
3021,15,KGCD
3022,15,KID
3023,15,YQI
3024,15,IPY
3025,15,AKL
3026,15,FQE
3027,15,MAM
3028,15,ITP
3029,15,LYTD
3030,15,SRD
3031,16,MSE
3032,16,IRV
3033,16,EDE
3034,16,DEP
3035,16,EIP
3036,16,EDD
3037,16,TVLL
3038,16,TVT
3039,16,QFP
3040,16,ACG
3041,16,RYR
3042,16,PVS
3043,16,CMR
3044,16,VRL
3045,16,EGI
3046,16,HAP
3047,16,AGW
3048,16,NLV
3049,16,VVN
3050,16,PKD
3051,16,KRK
3052,16,DET
3053,16,ASS
3054,16,VKV
3055,16,RAV
3056,16,KTS
3057,16,LIV
3058,16,GLP
3059,16,KTT
3060,16,QDL
3061,16,EYF
3062,16,TFG
3063,16,VLM
3064,16,QVK
3065,16,DLK
3066,16,GHS
3067,16,GFG
3068,16,VRF
3069,16,EYE
3070,16,QVK
3071,16,MSQ
3072,16,HMI
3073,16,GRW
3074,16,DCK
3075,16,PNS
3076,16,QSQ
3077,16,EPL
3078,16,SRK
3079,16,FVG
3080,16,CTE
3081,16,MTE
3082,16,ELR
3083,16,FFS
3084,16,YGD
3085,16,MDVF
3086,16,PKP
3087,16,RAF
3088,16,FVT
3089,16,ADD
3090,16,IAQ
3091,16,LCGE
3092,16,LII
3093,16,GISV
3094,16,ISN
3095,16,EPK
3096,16,NSN
3097,16,QLE
3098,16,SGR
3099,16,GGN
3100,16,GGF
3101,16,NQG
3102,16,FGN
3103,16,RGGG
3104,16,GLG
3105,16,NQG
3106,16,NMG
3107,16,GMN
3108,16,GAF
3109,16,INP
3110,16,MMA
3111,16,AQA
3112,16,LQS
3113,16,WGM
3114,16,GML
3115,16,SQQ
3116,16,QSG
3117,16,SGN
3118,16,QNQ
3119,16,NMQ
3120,16,EPN
3121,16,AFG
3122,16,GNN
3123,16,YSG
3124,16,NSG
3125,16,AIG
3126,16,GSA
3127,16,NAG
3128,16,GSG
3129,16,NGG
3130,16,GSS
3131,16,DSK
3132,16,SGW
3133,16,M
3134,17,MSQ
3135,17,PYS
3136,17,APL
3137,17,SVK
3138,17,VQF
3139,17,LLS
3140,17,EEI
3141,17,AIS
3142,17,VKI
3143,17,YPE
3144,17,MDE
3145,17,RQR
3146,17,REG
3147,17,LNDP
3148,17,LGS
3149,17,DRN
3150,17,KCQ
3151,17,CGE
3152,17,MAE
3153,17,PGH
3154,17,GHM
3155,17,LAK
3156,17,VFH
3157,17,GFIP
3158,17,IKK
3159,17,CEC
3160,17,CMN
3161,17,GKL
3162,17,LDE
3163,17,NPT
3164,17,AQA
3165,17,RIR
3166,17,PKK
3167,17,FNA
3168,17,WQL
3169,17,KTK
3170,17,VCE
3171,17,DAP
3172,17,DEY
3173,17,EQK
3174,17,VSR
3175,17,GCG
3176,17,TQP
3177,17,VRK
3178,17,GMK
3179,17,WGT
3180,17,KKS
3181,17,FSD
3182,17,DAQP
3183,17,RKLL
3184,17,PGE
3185,17,LNV
3186,17,KHI
3187,17,PED
3188,17,FRLG
3189,17,NED
3190,17,ARP
3191,17,WMI
3192,17,TVL
3193,17,VPP
3194,17,QVR
3195,17,SIA
3196,17,DET
3197,17,QGQ
3198,17,DLT
3199,17,KLS
3200,17,ILKA
3201,17,INV
3202,17,KLE
3203,17,DGS
3204,17,QHI
3205,17,NEV
3206,17,QLL
3207,17,FHV
3208,17,TYM
3209,17,NDI
3210,17,GQP
3211,17,ALQ
3212,17,SGR
3213,17,VKA
3214,17,RAR
3215,17,KGK
3216,17,GRL
3217,17,GNL
3218,17,GKR
3219,17,DFS
3220,17,RTV
3221,17,SGDP
3222,17,LEL
3223,17,QVG
3224,17,PIS
3225,17,AKT
3226,17,SYP
3227,17,TVT
3228,17,YNI
3229,17,RLT
3230,17,YVR
3231,17,GPNE
3232,17,PGA
3233,17,YVI
3234,17,DNG
3235,17,RID
3236,17,RYH
3237,17,RAG
3238,17,IVL
3239,17,YGW
3240,17,VER
3241,17,LMD
3242,17,DPV
3243,17,FNR
3244,17,PSL
3245,17,KMS
3246,17,MAH
3247,17,VKV
3248,17,PYS
3249,17,FRL
3250,17,LSV
3251,17,SPY
3252,17,ADF
3253,17,GDE
3254,17,NLH
3255,17,PQSE
3256,17,TRA
3257,17,LSQ
3258,17,CAV
3259,17,LQI
3260,17,SPQ
3261,17,NKP
3262,17,MGIV
3263,17,DTL
3264,17,GVR
3265,17,MTL
3266,17,DTF
3267,17,EYE
3268,17,VMN
3269,17,LFWV
3270,17,SWD
3271,17,VVP
3272,17,PAI
3273,17,KPK
3274,17,LWT
3275,17,KQLL
3276,17,IAIP
3277,17,GIH
3278,17,QRT
3279,17,GGN
3280,17,LLS
3281,17,KDN
3282,17,MLI
3283,17,DGK
3284,17,MFG
3285,17,VDK
3286,17,TVG
3287,17,GGG
3288,17,LIH
3289,17,VMR
3290,17,KGP
3291,17,ICA
3292,17,LFG
3293,17,IQK
3294,17,VNY
3295,17,LLH
3296,17,GFS
3297,17,GIG
3298,17,AIA
3299,17,AST
3300,17,KEI
3301,17,HAI
3302,17,SAK
3303,17,QVQ
3304,17,IIY
3305,17,AQH
3306,17,ELE
3307,17,KPG
3308,17,TLR
3309,17,SFE
3310,17,EVS
3311,17,TLN
3312,17,ARD
3313,17,AGR
3314,17,AEM
3315,17,LKD
3316,17,NNVK
3317,17,MVS
3318,17,GSK
3319,17,SFI
3320,17,IAQ
3321,17,SAC
3322,17,GQQ
3323,17,VEG
3324,17,RIA
3325,17,GFAD
3326,17,SLP
3327,17,FTK
3328,17,DFS
3329,17,ESK
3330,17,FVE
3331,17,SYL
3332,17,GLT
3333,17,QEF
3334,17,FHA
3335,17,AGR
3336,17,GLI
3337,17,TAV
3338,17,TAE
3339,17,GYI
3340,17,RRL
3341,17,KAL
3342,17,DIM
3343,17,HYD
3344,17,TTRN
3345,17,LGD
3346,17,IQF
3347,17,YGE
3348,17,GLD
3349,17,TQV
3350,17,RQT
3351,17,DTIP
3352,17,SDK
3353,17,FHK
3354,17,YYV
3355,17,LMD
3356,17,KNS
3357,17,KPDV
3358,17,EYA
3359,17,DIL
3360,17,DVE
3361,17,QKE
3362,17,NSE
3363,17,EQL
3364,17,SDR
3365,17,FLR
3366,17,IVF
3367,17,NGD
3368,17,NWP
3369,17,PVN
3370,17,RRI
3371,17,QNA
3372,17,QIF
3373,17,LDR
3374,17,KAS
3375,17,LTIP
3376,17,IIHGVR
3377,17,LCK
3378,17,LFV
3379,17,RGE
3380,17,ELI
3381,17,EAQ
3382,17,NAT
3383,17,LFQ
3384,17,LVRA
3385,17,LATR
3386,17,ILE
3387,17,FRL
3388,17,RDA
3389,17,EWV
3390,17,GTI
3391,17,AQF
3392,17,RSL
3393,17,HPG
3394,17,MVG
3395,17,IAA
3396,17,SIG
3397,17,PAT
3398,17,MTL
3399,17,TFH
3400,17,AGV
3401,17,SKN
3402,17,TLG
3403,17,PRL
3404,17,EIL
3405,17,VAK
3406,17,IKT
3407,17,ALT
3408,17,YLD
3409,17,EIA
3410,17,DIE
3411,17,AKVI
3412,17,SSI
3413,17,YTT
3414,17,KNV
3415,17,SAT
3416,17,IYY
3417,17,PDP
3418,17,STV
3419,17,EED
3420,17,DTV
3421,17,AYF
3422,17,IPD
3423,17,KVE
3424,17,TID
3425,17,QSP
3426,17,LLR
3427,17,ELD
3428,17,ARM
3429,17,DKQ
3430,17,TMN
3431,17,VAD
3432,17,ISE
3433,17,FSD
3434,17,LFV
3435,17,WSED
3436,17,ADK
3437,17,IIR
3438,17,RVI
3439,17,DPKA
3440,17,DEE
3441,17,EAE
3442,17,DQM
3443,17,KRI
3444,17,AHM
3445,17,DLI
3446,17,LRG
3447,17,PGI
3448,17,KVY
3449,17,VKH
3450,17,VSV
3451,17,DES
3452,17,EYK
3453,17,EEL
3454,17,ALE
3455,17,DGI
3456,17,LAE
3457,17,MAV
3458,17,GVD
3459,17,SRT
3460,17,SNS
3461,17,VEI
3462,17,SVL
3463,17,IEA
3464,17,RSS
3465,17,YKE
3466,17,LNVI
3467,17,FDG
3468,17,YVN
3469,17,RHM
3470,17,LLV
3471,17,VMT
3472,17,RGYL
3473,17,AIT
3474,17,HGI
3475,17,RAD
3476,17,GAL
3477,17,RCSF
3478,17,ETV
3479,17,ILF
3480,17,AGA
3481,17,AEL
3482,17,DCR
3483,17,VSE
3484,17,VML
3485,17,QLA
3486,17,MGT
3487,17,AFD
3488,17,MID
3489,17,KLL
3490,17,SLP
3491,17,DYA
3492,17,TMPL
3493,17,KGKA
3494,17,QGS
3495,17,TPY
3496,17,NNA
3497,17,YDD
3498,17,FNH
3499,17,DVA
3500,17,VMFS
3501,17,MAE
3502,17,GSG
3503,17,DRS
3504,17,GLT
3505,17,YAG
3506,17,QSP
3507,17,QPT
3508,17,PGL
3509,17,ATS
3510,17,GFA
3511,17,TSP
3512,17,FAP
3513,17,SPR
3514,17,SPT
3515,17,PGY
3516,17,PTS
3517,17,SYS
3518,17,TSP
3519,17,YSP
3520,17,SPS
3521,17,SPT
3522,17,PSY
3523,17,PTS
3524,17,SYS
3525,17,TSP
3526,17,YSP
3527,17,SPS
3528,17,SPT
3529,17,PSY
3530,17,PTS
3531,17,SYS
3532,17,TSP
3533,17,YSP
3534,17,SPQ
3535,17,SPT
3536,17,PQY
3537,17,PTS
3538,17,QYS
3539,17,TSP
3540,17,YSP
3541,17,SPQ
3542,17,SPT
3543,17,PQY
3544,17,PTS
3545,17,QYS
3546,17,TSP
3547,17,YSP
3548,17,SPQ
3549,17,SPT
3550,17,PQY
3551,17,PTS
3552,17,QYS
3553,17,TSP
3554,17,YSP
3555,17,SPQ
3556,17,SPA
3557,17,PQY
3558,17,PSR
3559,17,SPN
3560,17,ESK
3561,17,GE
3562,18,MST
3563,18,PKP
3564,18,RKT
3565,18,RNT
3566,18,RRP
3567,18,DVK
3568,18,PGG
3569,18,QIV
3570,18,GVY
3571,18,LPRRG
3572,18,RLG
3573,18,RAT
3574,18,KAS
3575,18,RSQ
3576,18,RGR
3577,18,QPI
3578,18,KAR
3579,18,PEG
3580,18,AWAQ
3581,18,GYP
3582,18,PLY
3583,18,NEG
3584,18,GWA
3585,18,WLL
3586,18,PRGSR
3587,18,SWG
3588,18,TDP
3589,18,RRSR
3590,18,LGK
3591,18,IDT
3592,18,TCG
3593,18,ADL
3594,18,GYI
3595,18,LVG
3596,18,PLG
3597,18,AAR
3598,18,LAH
3599,18,VRV
3600,18,EDG
3601,18,NYA
3602,18,GNL
3603,18,GCS
3604,18,SIF
3605,18,LAL
3606,18,SCLT
3607,18,PASA
3608,18,EVR
3609,18,VSG
3610,18,YHV
3611,18,NDC
3612,18,NSS
3613,18,VYE
3614,18,ADV
3615,18,MHT
3616,18,GCV
3617,18,CVR
3618,18,GNS
3619,18,RCW
3620,18,ALT
3621,18,TLA
3622,18,RNA
3623,18,VPT
3624,18,TIR
3625,18,HVD
3626,18,LVG
3627,18,AAF
3628,18,SAM
3629,18,VGD
3630,18,CGS
3631,18,FLV
3632,18,QLF
3633,18,FSP
3634,18,RHE
3635,18,VQD
3636,18,NCS
3637,18,YPGH
3638,18,SGH
3639,18,MAW
3640,18,MMM
3641,18,WSP
3642,18,TAL
3643,18,VSQ
3644,18,LRI
3645,18,QAV
3646,18,DMV
3647,18,GAH
3648,18,GVL
3649,18,GLA
3650,18,YSM
3651,18,GNWA
3652,18,VLI
3653,18,ALL
3654,18,AGV
3655,18,GET
3656,18,TTG
3657,18,VAG
3658,18,TTS
3659,18,FTS
3660,18,FSS
3661,18,ASQ
3662,18,IQLV
3663,18,TNG
3664,18,WHI
3665,18,RTA
3666,18,NCN
3667,18,SLQ
3668,18,GFF
3669,18,ALF
3670,18,AHK
3671,18,NSS
3672,18,CPE
3673,18,MAS
3674,18,RPI
3675,18,WFA
3676,18,GWG
3677,18,ITYT
3678,18,PNS
3679,18,DQR
3680,18,YCW
3681,18,YAP
3682,18,PCG
3683,18,VPA
3684,18,QVC
3685,18,PVY
3686,18,FTP
3687,18,PVV
3688,18,GTT
3689,18,RSG
3690,18,PTY
3691,18,WGE
3692,18,ETD
3693,18,MLL
3694,18,NTR
3695,18,PQG
3696,18,WFG
3697,18,TWM
3698,18,STG
3699,18,TKT
3700,18,GGP
3701,18,CNIG
3702,18,VGN
3703,18,TLI
3704,18,PTD
3705,18,FRK
3706,18,PEA
3707,18,YTK
3708,18,GSG
3709,18,WLT
3710,18,RCL
3711,18,DYP
3712,18,RLW
3713,18,YPC
3714,18,LNF
3715,18,IFK
3716,18,RMY
3717,18,GGV
3718,18,HRL
3719,18,AAC
3720,18,WTR
3721,18,ERC
3722,18,LEDR
3723,18,RSE
3724,18,SPL
3725,18,LST
3726,18,EWQ
3727,18,LPC
3728,18,FTT
3729,18,PAL
3730,18,TGL
3731,18,HLH
3732,18,NIV
3733,18,VQY
3734,18,YGV
3735,18,SAF
3736,18,SFA
3737,18,KWE
3738,18,ILL
3739,18,FLL
3740,18,ADA
3741,18,VCA
3742,18,LWM
3743,18,LLI
3744,18,QAE
3745,18,ALE
3746,18,LVV
3747,18,NAA
3748,18,VAG
3749,18,HGI
3750,18,SFL
3751,18,FFC
3752,18,AWY
3753,18,KGR
3754,18,APG
3755,18,AYA
3756,18,YGV
3757,18,PLL
3758,18,LLLA
3759,18,PPR
3760,18,YAL
3761,18,REM
3762,18,ASC
3763,18,GAV
3764,18,VGL
3765,18,FLT
3766,18,SPY
3767,18,KVFLT
3768,18,LIW
3769,18,LQY
3770,18,ITRAE
3771,18,HMQV
3772,18,VPP
3773,18,NVR
3774,18,GRD
3775,18,IIL
3776,18,TCA
3777,18,HPE
3778,18,IFD
3779,18,TKL
3780,18,LAI
3781,18,GPL
3782,18,VLQ
3783,18,GIT
3784,18,VPY
3785,18,VRA
3786,18,GLI
3787,18,ACM
3788,18,VRK
3789,18,AGG
3790,18,YVQ
3791,18,AFM
3792,18,LGA
3793,18,TGT
3794,18,VYN
3795,18,LTP
3796,18,RDWA
3797,18,AGL
3798,18,DLA
3799,18,AVE
3800,18,VVF
3801,18,AME
3802,18,KVI
3803,18,WGA
3804,18,TAA
3805,18,GDI
3806,18,LGL
3807,18,VSA
3808,18,RGK
3809,18,IFL
3810,18,PAD
3811,18,LEG
3812,18,GWR
3813,18,LAP
3814,18,TAY
3815,18,QQT
3816,18,GVL
3817,18,CII
3818,18,SLTG
3819,18,DKNQ
3820,18,EGE
3821,18,QVV
3822,18,TAT
3823,18,SFLA
3824,18,CIN
3825,18,VCW
3826,18,VYH
3827,18,AGS
3828,18,TLA
3829,18,PKG
3830,18,ITQ
3831,18,YTN
3832,18,DLD
3833,18,VGW
3834,18,APP
3835,18,ARS
3836,18,TPC
3837,18,CGS
3838,18,DLY
3839,18,VTR
3840,18,ADV
3841,18,PVRR
3842,18,GDS
3843,18,GSL
3844,18,SPR
3845,18,VSY
3846,18,KGS
3847,18,GGP
3848,18,LCP
3849,18,GHV
3850,18,GVF
3851,18,AAV
3852,18,TRG
3853,18,AKA
3854,18,DFI
3855,18,VES
3856,18,ETT
3857,18,RSP
3858,18,FTD
3859,18,SSP
3860,18,AVP
3861,18,TFQV
3862,18,HLH
3863,18,PTG
3864,18,GKS
3865,18,KVPAA
3866,18,AAQ
3867,18,YKV
3868,18,VLN
3869,18,SVA
3870,18,TLG
3871,18,GAY
3872,18,SKA
3873,18,GID
3874,18,NIR
3875,18,GVR
3876,18,ITT
3877,18,GSI
3878,18,YST
3879,18,GKFL
3880,18,DGG
3881,18,SGG
3882,18,YDI
3883,18,ICD
3884,18,CHS
3885,18,DST
3886,18,ILGI
3887,18,TVL
3888,18,QAE
3889,18,AGA
3890,18,LVV
3891,18,ATA
3892,18,PPG
3893,18,VTV
3894,18,HPN
3895,18,EEIG
3896,18,SNN
3897,18,EIP
3898,18,YGK
3899,18,IPI
3900,18,AIK
3901,18,GRH
3902,18,IFH
3903,18,KKK
3904,18,DEL
3905,18,AKLT
3906,18,LGL
3907,18,AVA
3908,18,YRG
3909,18,DVS
3910,18,IPP
3911,18,GDV
3912,18,VVA
3913,18,DAL
3914,18,TGF
3915,18,GDF
3916,18,SVI
3917,18,CNT
3918,18,VTQ
3919,18,VDF
3920,18,LDP
3921,18,FTI
3922,18,TTT
3923,18,PQD
3924,18,VSR
3925,18,QRR
3926,18,RTG
3927,18,GRS
3928,18,IYR
3929,18,VTP
3930,18,ERP
3931,18,GMF
3932,18,SSV
3933,18,CEC
3934,18,DAG
3935,18,AWY
3936,18,LTPA
3937,18,TSV
3938,18,LRA
3939,18,LNT
3940,18,GLP
3941,18,CQD
3942,18,LEF
3943,18,ESV
3944,18,TGLT
3945,18,IDA
3946,18,FLS
3947,18,TKQ
3948,18,GDN
3949,18,PYL
3950,18,AYQ
3951,18,TVC
3952,18,RAQ
3953,18,PPP
3954,18,WDQ
3955,18,WKC
3956,18,IRL
3957,18,PTL
3958,18,GPT
3959,18,LLY
3960,18,LGAV
3961,18,NEV
3962,18,LTH
3963,18,ITK
3964,18,IMA
3965,18,MSA
3966,18,LEV
3967,18,TST
3968,18,VLV
3969,18,GVL
3970,18,ALAA
3971,18,CLT
3972,18,GSV
3973,18,IVG
3974,18,IIL
3975,18,GKPA
3976,18,VPDR
3977,18,VLY
3978,18,EFDE
3979,18,EEC
3980,18,SQL
3981,18,YIE
3982,18,GMQ
3983,18,AEQ
3984,18,KQK
3985,18,LGL
3986,18,QTA
3987,18,KQA
3988,18,AAA
3989,18,VVE
3990,18,KWRA
3991,18,ETF
3992,18,AKH
3993,18,WNF
3994,18,SGI
3995,18,YLA
3996,18,LST
3997,18,PGN
3998,18,AIA
3999,18,LMA
4000,18,TAS
4001,18,TSP
4002,18,TTQ
4003,18,TLL
4004,18,NIL
4005,18,GWV
4006,18,AQL
4007,18,PPSA
4008,18,SAF
4009,18,GAG
4010,18,AGA
4011,18,VGS
4012,18,GLG
4013,18,VLV
4014,18,ILA
4015,18,YGA
4016,18,VAG
4017,18,LVA
4018,18,KVM
4019,18,GEV
4020,18,STE
4021,18,LVN
4022,18,LPA
4023,18,LSP
4024,18,ALV
4025,18,GVV
4026,18,AAI
4027,18,RRH
4028,18,GPG
4029,18,GAV
4030,18,WMN
4031,18,LIA
4032,18,ASRG
4033,18,HVS
4034,18,THY
4035,18,PES
4036,18,AAA
4037,18,VTQ
4038,18,LSS
4039,18,TIT
4040,18,LLK
4041,18,LHQ
4042,18,INE
4043,18,CST
4044,18,CSG
4045,18,WLR
4046,18,VWD
4047,18,ICT
4048,18,LTD
4049,18,KTW
4050,18,QSK
4051,18,LPR
4052,18,PGV
4053,18,FLS
4054,18,QRG
4055,18,KGV
4056,18,RGD
4057,18,IMQ
4058,18,TCP
4059,18,GAQ
4060,18,AGH
4061,18,KNG
4062,18,MRI
4063,18,GPR
4064,18,CSN
4065,18,WHG
4066,18,FPI
4067,18,AYT
4068,18,GPC
4069,18,PSPA
4070,18,NYS
4071,18,ALW
4072,18,VAA
4073,18,EYVE
4074,18,TRV
4075,18,DFH
4076,18,VTG
4077,18,TTD
4078,18,VKC
4079,18,CQV
4080,18,APE
4081,18,FTE
4082,18,DGV
4083,18,LHR
4084,18,APA
4085,18,KPL
4086,18,RED
4087,18,TFQV
4088,18,LNQ
4089,18,LVGS
4090,18,LPC
4091,18,PEP
4092,18,VTV
4093,18,TSM
4094,18,TDP
4095,18,HIT
4096,18,ETA
4097,18,RRL
4098,18,RGS
4099,18,PSL
4100,18,SSSAS
4101,18,LSA
4102,18,SLK
4103,18,TCT
4104,18,HHD
4105,18,PDA
4106,18,LIE
4107,18,NLL
4108,18,RQE
4109,18,GGN
4110,18,TRV
4111,18,SEN
4112,18,VVI
4113,18,DSF
4114,18,PLH
4115,18,EGD
4116,18,REI
4117,18,VAA
4118,18,ILR
4119,18,SRK
4120,18,PSA
4121,18,PIW
4122,18,RPD
4123,18,NPP
4124,18,LES
4125,18,KDP
4126,18,YVP
4127,18,VVH
4128,18,CPL
4129,18,PTK
4130,18,PPI
4131,18,PPR
4132,18,KRT
4133,18,VLT
4134,18,SNV
4135,18,SALA
4136,18,LAT
4137,18,TFG
4138,18,SGS
4139,18,AVD
4140,18,GTA
4141,18,ALP
4142,18,LAS
4143,18,DGD
4144,18,GSD
4145,18,ESY
4146,18,SMP
4147,18,LEG
4148,18,PGD
4149,18,DLS
4150,18,GSW
4151,18,TVS
4152,18,EAS
4153,18,DVV
4154,18,CSM
4155,18,YTW
4156,18,GAL
4157,18,TPC
4158,18,AEE
4159,18,KLP
4160,18,NPL
4161,18,NSL
4162,18,RHH
4163,18,MVYA
4164,18,TSR
4165,18,ASL
4166,18,QKK
4167,18,TFDR
4168,18,QVL
4169,18,DHY
4170,18,DVL
4171,18,EMK
4172,18,KAS
4173,18,VKA
4174,18,LLS
4175,18,EEA
4176,18,KLT
4177,18,PHS
4178,18,KSK
4179,18,GYG
4180,18,KDVR
4181,18,LSS
4182,18,AVN
4183,18,IRS
4184,18,WED
4185,18,LED
4186,18,ETP
4187,18,DTT
4188,18,MAK
4189,18,EVF
4190,18,VQP
4191,18,KGG
4192,18,KPA
4193,18,LIV
4194,18,PDL
4195,18,VRV
4196,18,EKM
4197,18,LYD
4198,18,VST
4199,18,PQA
4200,18,MGS
4201,18,YGF
4202,18,YSP
4203,18,QRV
4204,18,FLV
4205,18,TWK
4206,18,KKC
4207,18,MGF
4208,18,YDT
4209,18,CFD
4210,18,TVT
4211,18,SDI
4212,18,VEE
4213,18,IYQ
4214,18,CDL
4215,18,PEA
4216,18,QAI
4217,18,SLT
4218,18,RLY
4219,18,GGP
4220,18,TNS
4221,18,GQN
4222,18,GYRR
4223,18,RAS
4224,18,VLT
4225,18,SCG
4226,18,TLT
4227,18,YLK
4228,18,TAA
4229,18,RAA
4230,18,LQD
4231,18,TML
4232,18,NGD
4233,18,LVV
4234,18,CESA
4235,18,TQED
4236,18,AAL
4237,18,AFT
4238,18,AMT
4239,18,YSA
4240,18,PGD
4241,18,PQP
4242,18,YDL
4243,18,LIT
4244,18,CSS
4245,18,VSV
4246,18,HDA
4247,18,GKR
4248,18,YYL
4249,18,RDP
4250,18,TPL
4251,18,RAA
4252,18,ETA
4253,18,HTP
4254,18,NSW
4255,18,GNI
4256,18,MYA
4257,18,TLW
4258,18,RMI
4259,18,MTH
4260,18,FSI
4261,18,LAQ
4262,18,QLE
4263,18,ALD
4264,18,QIY
4265,18,ACY
4266,18,IEP
4267,18,DLP
4268,18,IIE
4269,18,LHG
4270,18,SAF
4271,18,LHS
4272,18,SPG
4273,18,INR
4274,18,ASC
4275,18,RKL
4276,18,VPP
4277,18,RTW
4278,18,HRA
4279,18,SVR
4280,18,KLL
4281,18,QGG
4282,18,AAT
4283,18,GRY
4284,18,FNWA
4285,18,RTK
4286,18,KLT
4287,18,IPA
4288,18,SQL
4289,18,LSG
4290,18,FVA
4291,18,YSG
4292,18,DIY
4293,18,SLSR
4294,18,RPR
4295,18,FPL
4296,18,LLL
4297,18,SVG
4298,18,GIY
4299,18,LPN
4300,19,MSW
4301,19,LFL
4302,19,HRV
4303,19,LAA
4304,19,PCR
4305,19,GSR
4306,19,FGM
4307,19,YAV
4308,19,RGR
4309,19,TGV
4310,19,LTW
4311,19,ECR
4312,19,QVD
4313,19,FPA
4314,19,RFK
4315,19,FAT
4316,19,DEA
4317,19,AFV
4318,19,KSA
4319,19,PEV
4320,19,EGH
4321,19,NQH
4322,19,QES
4323,19,AKA
4324,19,KRL
4325,19,EPL
4326,19,GDG
4327,19,ESA
4328,19,PYA
4329,19,HMK
4330,19,SVE
4331,19,APP
4332,19,SRD
4333,19,FSY
4334,19,GDF
4335,19,VVY
4336,19,DGC
4337,19,SSN
4338,19,RRR
4339,19,RAG
4340,19,GVY
4341,19,GPG
4342,19,PLN
4343,19,GIR
4344,19,PGRQT
4345,19,QRA
4346,19,IHA
4347,19,CKIE
4348,19,AKT
4349,19,NIN
4350,19,LVL
4351,19,TDS
4352,19,FTI
4353,19,GIT
4354,19,WVQ
4355,19,WKK
4356,19,GWK
4357,19,SAG
4358,19,EVI
4359,19,KED
4360,19,VAL
4361,19,RLT
4362,19,GMD
4363,19,QWM
4364,19,VPG
4365,19,SGF
4366,19,GNE
4367,19,ADR
4368,19,ARE
4369,19,AKQ
4370,19,ED
4371,20,MTS
4372,20,LPTP
4373,20,WQE
4374,20,RQF
4375,20,ESF
4376,20,QER
4377,20,QGK
4378,20,DKL
4379,20,PDE
4380,20,DKR
4381,20,TLL
4382,20,THR
4383,20,EAW
4384,20,ADA
4385,20,RRV
4386,20,QLQ
4387,20,VTH
4388,20,LKP
4389,20,HPD
4390,20,RGSN
4391,20,HSL
4392,20,QAP
4393,20,QPG
4394,20,AGS
4395,20,ELG
4396,20,RLV
4397,20,DVV
4398,20,NAA
4399,20,LDV
4400,20,KFL
4401,20,LQY
4402,20,GKN
4403,20,LNW
4404,20,TED
4405,20,AEA
4406,20,QAL
4407,20,DNA
4408,20,QAR
4409,20,WRQ
4410,20,FIG
4411,20,TTV
4412,20,GAP
4413,20,SHS
4414,20,AKQ
4415,20,YFP
4416,20,PGS
4417,20,YHL
4418,20,APLF
4419,20,TSL
4420,20,HHV
4421,20,ALL
4422,20,EAR
4423,20,GDA
4424,20,KAA
4425,20,EAR
4426,20,RQE
4427,20,WPH
4428,20,FSE
4429,20,PNL
4430,20,IQK
4431,20,GGT
4432,20,PQN
4433,20,SQL
4434,20,NER
4435,20,GEN
4436,20,LLP
4437,20,LPP
4438,20,WQR
4439,20,NVN
4440,20,PMR
4441,20,SSV
4442,20,EHD
4443,20,GRT
4444,20,EVS
4445,20,LTR
4446,20,LQR
4447,20,LAK
4448,20,VHN
4449,20,LAI
4450,20,QRR
4451,20,QLV
4452,20,QIC
4453,20,EAL
4454,20,YAA
4455,20,LRE
4456,20,EPG
4457,20,SAT
4458,20,GCQ
4459,20,HDA
4460,20,QLW
4461,20,DPL
4462,20,AQT
4463,20,ETF
4464,20,QRR
4465,20,RGD
4466,20,PAE
4467,20,GNR
4468,20,ANW
4469,20,NRA
4470,20,SSD
4471,20,QIL
4472,20,SPE
4473,20,AQW
4474,20,QEL
4475,20,KEL
4476,20,MFK
4477,20,ILE
4478,20,ERD
